Ⅰ	.	일반현황
Ⅰ	.		1	.	제안개요
Ⅰ	.		1	.		1	.	제안 개요
Ⅰ	.		2	.	제안사 일반현황
Ⅰ	.		2	.		1	.	㈜브이티더블유
Ⅰ	.		2	.		1	.		1	.	브이티더블유 일반현황 및 연혁
Ⅰ	.		2	.		1	.		2	.	브이티더블유 자본금과 매출액
Ⅰ	.		2	.		1	.		3	.	브이티더블유 유사사업 실적
Ⅰ	.		2	.		2	.	TBD
Ⅰ	.		2	.		2	.		1	.	TBD 일반현황 및 연혁
Ⅰ	.		2	.		2	.		2	.	TBD 자본금과 매출액
Ⅰ	.		2	.		3	.		3	.	TBD 유사사업 실적
Ⅰ	.		3	.	제안사의 조직 및 인원
Ⅰ	.		3	.		1	.	브이티더블유 조직 및 기술자 보유 현황
Ⅰ	.		3	.		2	.	TBD 조직 및 기술자 보유 현황
Ⅰ	.		4	.	수행조직 및 업무분장
Ⅰ	.		4	.		1	.	사업수행 조직도
Ⅰ	.		4	.		2	.	수행조직별 업무 분장
Ⅰ	.		4	.		3	.	핵심 인력 이력사항
Ⅱ	.	전략 및 방법론
Ⅱ	.		1	.	사업 이해도
Ⅱ	.		1	.		1	.	추진 배경 및 목적과 사업범위
Ⅱ	.		1	.		2	.	현황 및 환경
Ⅱ	.		1	.		3	.	제안의 전제조건
Ⅱ	.		1	.		4	.	제안의 특장점
Ⅱ	.		1	.		5	.	목표시스템 구성도
Ⅱ	.		1	.		6	.	핵심성공요소 도출
Ⅱ	.		2	.	추진전략
Ⅱ	.		2	.		1	.	추진전략 도출
Ⅱ	.		2	.		2	.	추진전략 수립
Ⅱ	.		3	.	적용기술
Ⅱ	.		3	.		1	.	적용기술 개요
Ⅱ	.		3	.		2	.	적용기술 상세
Ⅱ	.		3	.		3	.	기술적용계획표
Ⅱ	.		4	.	표준프레임워크 적용
Ⅱ	.		4	.		1	.	표준 프레임워크 적용 개요
Ⅱ	.		4	.		2	.	표준 프레임워크 적용 방안
Ⅱ	.		4	.		3	.	표준 프레임워크 적용 시 문제점 및 대응방안
Ⅱ	.		5	.	개발 방법론
Ⅱ	.		5	.		1	.	개발방법론 개요
Ⅱ	.		5	.		2	.	개발방법론 수행 절차
									1	.	개발방법론 수행 절차 개요
Ⅱ	.		5	.		2	.		2	.	개발 준비 및 분석단계
Ⅱ	.		5	.		2	.		3	.	설계단계
Ⅱ	.		5	.		2	.		4	.	구현 및 테스트단계
Ⅱ	.		5	.		2	.		5	.	전개 및 인도단계
Ⅱ	.		5	.		3	.	개발방법론 활용 방안
Ⅲ	.	기술 및 기능
Ⅲ	.		1	.	시스템 장비구성 요구사항
Ⅲ	.		1	.		1	.	소프트웨어 구성
Ⅲ	.		1	.		2	.	상용 소프트웨어 구성 방안
Ⅲ	.		2	.	기능 요구사항
Ⅲ	.		2	.		1	.	개요
Ⅲ	.		2	.		1	.		1	.	개요
Ⅲ	.		2	.		1	.		2	.	기능 구현 적용 원칙
Ⅲ	.		2	.		2	.	목표시스템 구성 및 아키텍처
Ⅲ	.		2	.		2	.		1	.	목표시스템 전체 구성도
Ⅲ	.		2	.		2	.		2	.	고용24 공통서비스 적용 구조
Ⅲ	.		2	.		2	.		3	.	중장년 업무서비스 구성도
Ⅲ	.		2	.		2	.		4	.	외부·통계 연계 구성도
Ⅲ	.		2	.		2	.		5	.	EDMS 및 첨부파일 처리 구조
Ⅲ	.		2	.		3	.	업무 프로세스
Ⅲ	.		2	.		3	.		1	.	업무 프로세스 체계
Ⅲ	.		2	.		4	.	중장년 업무서비스 설계
Ⅲ	.		2	.		4	.		1	.	업무 도메인 중심 설계
Ⅲ	.		2	.		5	.	업무 프로세스 상세
Ⅲ	.		2	.		5	.		1	.	서비스 영역별 업무 프로세스 전체 개요
Ⅲ	.		2	.		5	.		2	.	전직지원서비스 운영 프로세스
Ⅲ	.		2	.		5	.		3	.	전직지원교육 운영 프로세스
Ⅲ	.		2	.		5	.		4	.	생애경력설계 운영 프로세스
Ⅲ	.		2	.		5	.		5	.	기업서비스 운영 프로세스
Ⅲ	.		2	.		5	.		6	.	직업안정 및 실적관리 프로세스
Ⅲ	.		2	.		5	.		7	.	지원금 및 인센티브 지급 프로세스
Ⅲ	.		2	.		6	.	기능 구현 상세
Ⅲ	.		2	.		6	.		1	.	기능 구현 기본 방향
Ⅲ	.		2	.		7	.	시스템 통합 및 연계
Ⅲ	.		2	.		7	.		1	.	서비스/API 기반 업무서비스 전환
Ⅲ	.		2	.		7	.		2	.	대민·행정 공통 중장년 API 연계 구조
Ⅲ	.		2	.		8	.	화면중심 요구사항
Ⅲ	.		2	.		8	.		1	.	주요 화면중심 요구사항 개요
Ⅲ	.		2	.		8	.		2	.	나의 할 일 관리
Ⅲ	.		2	.		8	.		3	.	전직지원 고객이력 관리
Ⅲ	.		2	.		8	.		4	.	전직지원 신청·승인 관리
Ⅲ	.		2	.		8	.		5	.	전직지원 상담 및 종료 관리
Ⅲ	.		2	.		8	.		6	.	전직지원교육 관리
Ⅲ	.		2	.		8	.		7	.	전직지원 기타 관리
Ⅲ	.		2	.		8	.		8	.	생애경력설계교육 관리
Ⅲ	.		2	.		8	.		9	.	생애경력설계 자가진단 관리
Ⅲ	.		2	.		8	.		10	.	기업서비스 관리
Ⅲ	.		2	.		8	.		11	.	직업안정 및 실적관리
Ⅲ	.		2	.		8	.		12	.	과거 참여정보 관리
Ⅲ	.		2	.		8	.		13	.	중장년 공통업무 관리
Ⅲ	.		2	.		8	.		14	.	경력지원 사업 지원금 관리
Ⅲ	.		2	.		8	.		15	.	일손부족일자리 동행 인센티브 관리
Ⅲ	.		2	.		8	.		16	.	의사결정용 통계 기반 관리
Ⅲ	.		2	.		8	.		17	.	대민서비스 현황 진단 및 보완 방향
Ⅲ	.		2	.		8	.		18	.	대민 신청·보완·처리결과 연계 기능
Ⅲ	.		2	.		8	.		19	.	상담·교육·증명·알림 연계 기능
Ⅲ	.		2	.		9	.	공통서비스 적용
Ⅲ	.		2	.		9	.		1	.	고용24 공통서비스 적용 기능
Ⅲ	.		2	.		10	.	실시간 연계
Ⅲ	.		2	.		10	.		1	.	상담정보 실시간 연계 기능
Ⅲ	.		2	.		11	.	데이터 및 통계 연계
Ⅲ	.		2	.		11	.		1	.	데이터 이관·정합성 검증
Ⅲ	.		2	.		11	.		2	.	통계 테이블 및 고용통계분석 연계
Ⅲ	.		2	.		12	.	운영 및 개선
Ⅲ	.		2	.		12	.		1	.	개선 요청·영향분석 / 개선 수행·현행화
Ⅲ	.		3	.	유지관리 수행 요구사항
Ⅲ	.		3	.		1	.	기존서비스 기능 개선사항 반영 및 현행화 개요
Ⅲ	.		3	.		2	.	기존서비스 기능 유지관리 방안
Ⅲ	.		3	.		3	.	기존서비스 기능 운영 및 지원 방안
Ⅲ	.		4	.	데이터 요구사항
Ⅲ	.		4	.		1	.	데이터 관리 개요
Ⅲ	.		4	.		2	.	데이터 표준
Ⅲ	.		4	.		2	.		1	.	데이터 표준 및 관리체계
Ⅲ	.		4	.		2	.		2	.	연계 데이터 관리
Ⅲ	.		4	.		2	.		3	.	데이터 개방 및 메타데이터 관리
Ⅲ	.		4	.		3	.	데이터 설계
Ⅲ	.		4	.		3	.		1	.	데이터베이스 모델링 설계
Ⅲ	.		4	.		5	.	데이터 이행
Ⅲ	.		4	.		5	.		2	.	초기데이터 구축
Ⅲ	.		5	.	보안 요구사항
Ⅲ	.		5	.		1	.	보안관리 개요
Ⅲ	.		5	.		2	.	보안관리 방안
Ⅲ	.		5	.		3	.	개인정보 기술적 보호 조치
Ⅲ	.		5	.		4	.	취약점 점검 및 시큐어코딩 수행
Ⅲ	.		6	.	제약사항
Ⅲ	.		6	.		1	.	제약사항 개요
Ⅲ	.		6	.		2	.	제약사항 일반
Ⅲ	.		6	.		3	.	웹 표준 및 시스템 개발 표준 준수
Ⅲ	.		6	.		4	.	감리 대응
Ⅳ	.	성능 및 품질
Ⅳ	.		1	.	성능 요구사항
Ⅳ	.		1	.		1	.	성능관리 개요
Ⅳ	.		1	.		2	.	성능진단 방법론
Ⅳ	.		1	.		3	.	성능검증 대상 및 요건
Ⅳ	.		1	.		4	.	공통 시스템 성능
Ⅳ	.		1	.		5	.	공통 응답시간 및 동시 처리 능력
Ⅳ	.		1	.		6	.	성능 테스트 및 최적화
Ⅳ	.		2	.	인터페이스 요구사항
Ⅳ	.		2	.		1	.	인터페이스 구현 개요
Ⅳ	.		2	.		2	.	사용자 인터페이스
Ⅳ	.		2	.		2	.		1	.	사용자 인터페이스 구성
Ⅳ	.		2	.		3	.	시스템 인터페이스
Ⅳ	.		2	.		3	.		1	.	데이터 정합성 모니터링 및 연계 타당성 검증 방안
Ⅳ	.		2	.		3	.		2	.	외부기관 연동 보안 및 연계 표준화 수립 방안
Ⅳ	.		3	.	테스트 요구사항
Ⅳ	.		3	.		1	.	테스트 관리 개요
Ⅳ	.		3	.		2	.	단위 테스트
Ⅳ	.		3	.		3	.	통합 테스트
Ⅳ	.		3	.		4	.	현업 테스트
Ⅳ	.		3	.		5	.	시스템 테스트
Ⅳ	.		3	.		6	.	성능 및 부하 테스트
Ⅳ	.		3	.		7	.	최종점검 및 인수 테스트
Ⅳ	.		4	.	품질 요구사항
Ⅳ	.		4	.		1	.	품질관리
Ⅳ	.		4	.		1	.		1	.	품질관리 개요
Ⅳ	.		4	.		1	.		2	.	품질관리 조직 및 역할
Ⅳ	.		4	.		2	.	품질보증방안 수립
Ⅳ	.		4	.		2	.		1	.	품질관리 방안 및 수행 절차 
Ⅴ	.	프로젝트 관리
Ⅴ	.		1	.	관리방법론
Ⅴ	.		1	.		1	.	관리방법론 개요
Ⅴ	.		1	.		2	.	사업관리 절차
Ⅴ	.		1	.		3	.	자원관리
Ⅴ	.		1	.		3	.		1	.	자원관리 방안
Ⅴ	.		1	.		4	.	형상관리
Ⅴ	.		1	.		4	.		1	.	형상관리 방안 개요
Ⅴ	.		1	.		4	.		2	.	형상관리 절차 및 활동
Ⅴ	.		1	.		5	.	문서관리
Ⅴ	.		1	.		5	.		1	.	문서관리 방안 개요
Ⅴ	.		1	.		5	.		2	.	문서관리 절차
Ⅴ	.		1	.		5	.		3	.	주요산출물 내역 및 제출시기
Ⅴ	.		1	.		5	.		4	.	검수 및 검수검사
Ⅴ	.		1	.		6	.	보고관리
Ⅴ	.		1	.		6	.		1	.	보고관리 개요
Ⅴ	.		1	.		6	.		2	.	업무 보고 체계 방안
Ⅴ	.		1	.		6	.		3	.	상세 업무보고 방안
Ⅴ	.		1	.		6	.		4	.	구축사업 상시 의사소통관리 방안
Ⅴ	.		1	.		7	.	요구사항 관리
Ⅴ	.		1	.		7	.		1	.	요구사항 관리 방안 개요
Ⅴ	.		1	.		7	.		2	.	요구사항 관리 절차
Ⅴ	.		1	.		7	.		3	.	요구사항 관리 확인 체계
Ⅴ	.		1	.		7	.		4	.	범위 및 변경 관리
Ⅴ	.		1	.		8	.	위험 및 이슈 관리
Ⅴ	.		1	.		8	.		1	.	위험관리 방안 개요
Ⅴ	.		1	.		8	.		2	.	위험관리 절차
Ⅴ	.		1	.		8	.		3	.	단계별 위험관리 절차 및 활동
Ⅴ	.		1	.		8	.		4	.	위험관리 대응방안
Ⅴ	.		2	.	관리역량
Ⅴ	.		2	.		1	.	PM 수행역량
Ⅴ	.		2	.		2	.	PM 이력사항
Ⅴ	.		3	.	일정계획
Ⅴ	.		3	.		1	.	일정계획 수립
Ⅴ	.		3	.		2	.	일정관리 수행통제
Ⅴ	.		3	.		3	.	일정지연 예측 및 대응
Ⅴ	.		3	.		4	.	전체 추진 일정
Ⅴ	.		4	.	개발장비
Ⅴ	.		4	.		1	.	프로젝트 수행환경 구성
Ⅴ	.		4	.		2	.	인프라·개발환경 조성
Ⅵ	.	프로젝트 지원
Ⅵ	.		1	.	품질보증
Ⅵ	.		1	.		1	.	품질보증 방안 개요
Ⅵ	.		1	.		2	.	품질보증 계획 수립
Ⅵ	.		1	.		3	.	품질보증 활동 방안
Ⅵ	.		1	.		4	.	품질보증 단계별 활동 및 산출물
Ⅵ	.		1	.		5	.	품질보증관련 국제인증 현황
Ⅵ	.		2	.	시험운영
Ⅵ	.		2	.		1	.	시험운영 개요
Ⅵ	.		2	.		2	.	시험운영 조직체계
Ⅵ	.		2	.		3	.	시험운영 수행 및 실행 방안
Ⅵ	.		3	.	교육훈련
Ⅵ	.		3	.		1	.	교육훈련 개요
Ⅵ	.		3	.		2	.	교육훈련 방안
Ⅵ	.		3	.		3	.	교육훈련 계획서
Ⅵ	.		3	.		4	.	매뉴얼 작성 원칙
Ⅵ	.		4	.	하자보수
Ⅵ	.		4	.		1	.	하자보수 개요
Ⅵ	.		4	.		2	.	하자보수 대상 및 범위
Ⅵ	.		4	.		3	.	하자보수 조직
Ⅵ	.		4	.		4	.	하자보수 절차
Ⅵ	.		5	.	유지관리
Ⅵ	.		5	.		1	.	안정화 개요
Ⅵ	.		5	.		2	.	안정화 조직 및 대상
Ⅵ	.		5	.		3	.	안정화 방안 및 절차
Ⅵ	.		6	.	기술이전 방안
Ⅵ	.		6	.		1	.	기술이전 및 지원 개요
Ⅵ	.		6	.		2	.	기술이전 대상 범위 및 절차
Ⅵ	.		7	.	기밀보안
Ⅵ	.		7	.		1	.	기밀보안 개요
Ⅵ	.		7	.		2	.	기밀보안관리 절차 방안
Ⅵ	.		7	.		3	.	보안관리 조직 및 관리절차
Ⅵ	.		7	.		4	.	정보보호 기준 및 지식재산권 존중
Ⅵ	.		7	.		5	.	누출금지정보 보호
Ⅵ	.		8	.	비상대책
Ⅵ	.		8	.		1	.	장애대응 방안
Ⅵ	.		8	.		2	.	백업 및 복구방안
Ⅶ	.	기타사항
Ⅶ	.		1	.	소프트웨어 사업정보 제출
Ⅶ	.		1	.		1	.	소프트웨어 사업정보 제출
Ⅶ	.		2	.	범정부EA(GEAP) 정보자원 현행화 방안
Ⅶ	.		2	.		1	.	범정부EA(GEAP) 정보자원 현행화 방안
□	.	평가항목별 자가점검표
□	.	참조표
